{"France":[26443.692418346225,297463.8913000018],"United Kingdom":[824.3364669999954,18274.16399999997],"Germany":[2079.3005369999896,20928.99799999996],"United States":[1681.9788339999984,17736.409000000007],"Australia":[446.0657169999999,5740.980300000005],"Canada":[28.721923999999998,743.2200000000001],"Spain":[1820.0132807139894,16118.659999999974],"Netherlands":[136.51093999999998,1707.8300000000004],"South Africa":[4.801759999999999,100.61999999999999]}