{"North Europe":[17107.09000000002,8475.689000000008,31858.43999999998],"Central Europe":[377737.0363329951,220215.15770000097,789937.0098999911],"South Europe ":[33241.29930000003,15618.282000000012,69091.26999999999]}